id	voz	intento	dur_s	ganancia_dB	dicho
01	R	1	5.338271	-3.00	11 laps gone here on the coast and this is still one race.
02	C	1	5.239854	-6.10	Well, Caldrix in front and he has not put a wheel wrong all afternoon.
03	R	1	5.878125	-2.50	Marvok has been in that mirror for three laps now, looking for a way through.
04	R	1	3.581708	-3.20	The cameras on all six cars are open.
05	C	1	2.868146	-3.60	Six of them, and you choose which one you watch.
06	R	1	6.168063	-1.80	Noctave third and he is using every inch of the curbs through the chicane.
07	R	1	6.211396	-3.10	Runtack and Pentath side by side into the breaking zone and neither of them lifts.
08	R	1	4.654250	-4.20	And here comes Quintra, round the outside of Pentav.
09	C	1	2.116271	-5.80	Fifth place, and it sticks.
10	R	1	4.845583	-3.70	And back to the leader, Coldrix, still with a second in hand.
11	R	1	5.157958	-1.90	Mavok and Noktef now nose to tail through the fast left.
12	C	1	3.654729	-5.60	And Noctev is close enough to try something.
13	R	1	5.906354	-1.00	Down to the sea section, Pentava and Quentra still together.
14	C	1	4.560396	-5.00	That is three separate fights and all of them are alive.
15	R	1	4.640771	-3.90	Look at run tack over the curb, the rear wheels taking all of it.
16	C	1	2.149917	-0.90	And the car keeps taking it.
17	R	2	3.858479	-2.20	Mavok is right on the back of Caldrix again.
18	C	1	1.303458	-3.10	Gap has gone.
19	R	1	4.140375	-4.20	And they are on their feet as this field goes by.
06	R	1	5.593771	-0.80	Noctave third and he has been quicker than the leader for two laps now.
11	R	1	5.062708	-2.80	Ma and now wheel to wheel through this long corner.
15	R	1	4.119083	-2.00	Look at Runtack, the rear wheels right over the curb.
15	R	1	3.662729	-1.40	Look at Runtack, running right along that curb.
